{"cameraMode":{"drawMode":0,"name":"Shaded","section":"Shading Mode"},"sceneLighting":false,"audioPlay":false,"sceneViewState":{"m_AlwaysRefresh":false,"showFog":true,"showSkybox":false,"showFlares":true,"showImageEffects":true,"showParticleSystems":true,"showVisualEffectGraphs":true,"m_FxEnabled":true},"in2DMode":false,"pivot":{"x":0.21561454236507417,"y":1.31931734085083,"z":0.2332691103219986},"rotation":{"x":-0.008533040061593056,"y":-0.9850357174873352,"z":0.16433534026145936,"w":-0.05116348713636398},"size":0.13213862478733064,"orthographic":false}